YEAR,ONI,ANNUAL,ENSO_Phase,Rainfall_Category,ONI_scaled,Label,Anomaly
1950,-0.8783333333333334,1372.2942857142857,La_Nina,Normal,0.07923051842191065,2,1
1951,0.43333333333333335,1314.8583333333333,Neutral,Normal,0.5924356048255625,2,1
1952,0.013333333333333334,1324.3694444444445,Neutral,Normal,0.4281056406912292,2,1
1953,0.5883333333333334,1418.6657142857143,El_Nino,Normal,0.6530811868275188,2,1
1954,-0.33749999999999997,1468.4914285714285,Neutral,Normal,0.2908379523964787,2,1
1955,-0.9391666666666666,1563.5542857142857,La_Nina,Excess,0.05542875774372352,1,1
1956,-0.5558333333333333,1612.8400000000001,La_Nina,Excess,0.20541245516791654,1,1
1957,0.7808333333333333,1325.78,El_Nino,Normal,0.7283990870557548,2,1
1958,0.7166666666666667,1560.6694444444445,El_Nino,Excess,0.7032931203130095,1,1
1959,0.1991666666666667,1648.2305555555556,Neutral,Excess,0.5008151287903488,1,1
1960,0.050833333333333335,1413.8638888888888,Neutral,Normal,0.442777958917509,2,1
1961,-0.02416666666666667,1717.1,Neutral,Excess,0.41343332246494946,1,-1
1962,-0.17333333333333334,1383.6771428571428,Neutral,Normal,0.35507010107597003,2,1
1963,0.5499999999999999,1476.4555555555555,El_Nino,Normal,0.6380828170850994,2,1
1964,-0.3758333333333333,1494.1999999999998,Neutral,Normal,0.2758395826540594,2,1
1965,0.805,1188.7833333333333,El_Nino,Deficit,0.7378545810238017,0,1
1966,0.28250000000000003,1283.975,Neutral,Normal,0.5334202804043039,2,1
1967,-0.31416666666666665,1367.1027777777779,Neutral,Normal,0.2999673948483861,2,1
1968,0.07166666666666667,1305.0027777777777,Neutral,Normal,0.4509292468209977,2,1
1969,0.6783333333333333,1372.6305555555555,El_Nino,Normal,0.6882947505705902,2,1
1970,-0.2925,1530.8944444444444,Neutral,Normal,0.30844473426801433,2,1
1971,-0.8608333333333333,1477.1444444444444,La_Nina,Normal,0.08607760026084121,2,1
1972,0.8066666666666666,1146.4888888888888,El_Nino,Deficit,0.7385066840560809,0,-1
1973,-0.5808333333333334,1405.8333333333333,La_Nina,Normal,0.19563090968372998,2,1
1974,-0.8875000000000001,1315.5972222222222,La_Nina,Normal,0.0756439517443756,2,1
1975,-0.9966666666666667,1550.3277777777778,La_Nina,Excess,0.03293120313009451,1,1
1976,-0.021666666666666678,1345.0361111111113,Neutral,Normal,0.4144114770133681,2,1
1977,0.5175,1507.5222222222224,El_Nino,Normal,0.625366807955657,2,1
1978,-0.04916666666666667,1488.9222222222222,Neutral,Normal,0.40365177698076293,2,1
1979,0.30833333333333335,1217.5083333333334,Neutral,Deficit,0.5435278774046299,0,1
1980,0.21166666666666667,1436.947222222222,Neutral,Normal,0.5057059015324421,2,1
1981,-0.25,1431.427777777778,Neutral,Normal,0.3250733615911314,2,1
1982,0.9125,1290.15,El_Nino,Normal,0.7799152266058037,2,1
1983,0.45999999999999996,1551.2416666666666,Neutral,Excess,0.602869253342028,1,1
1984,-0.5516666666666666,1384.1805555555557,La_Nina,Normal,0.2070427127486143,2,1
1985,-0.5775,1349.5083333333334,La_Nina,Normal,0.19693511574828823,2,1
1986,0.26666666666666666,1282.7861111111113,Neutral,Normal,0.5272253015976525,2,1
1987,1.1824999999999999,1288.5555555555557,El_Nino,Normal,0.8855559178350179,2,1
1988,-0.89,1605.4694444444444,La_Nina,Excess,0.07466579719595695,1,-1
1989,-0.62,1347.7972222222222,La_Nina,Normal,0.18030648842517116,2,1
1990,0.2708333333333333,1614.2944444444445,Neutral,Excess,0.5288555591783501,1,1
1991,0.6541666666666667,1400.2194444444444,El_Nino,Normal,0.6788392566025432,2,1
1992,0.6091666666666666,1325.1861111111111,El_Nino,Normal,0.6612324747310074,2,1
1993,0.3566666666666667,1430.9527777777778,Neutral,Normal,0.5624388653407238,2,1
1994,0.3658333333333333,1506.8416666666667,Neutral,Normal,0.566025432018259,2,1
1995,-0.21583333333333332,1501.0611111111111,Neutral,Normal,0.33844147375285294,2,1
1996,-0.4058333333333333,1400.1944444444443,Neutral,Normal,0.26410172807303556,2,1
1997,1.1416666666666666,1416.1750000000002,El_Nino,Normal,0.86957939354418,2,-1
1998,0.041666666666666664,1526.7777777777778,Neutral,Normal,0.43919139223997394,2,1
1999,-1.0808333333333333,1388.0222222222224,La_Nina,Normal,0.0,2,-1
2000,-0.7658333333333333,1324.1885714285713,La_Nina,Normal,0.12324747310074996,2,1
2001,-0.2941666666666667,1302.7027777777778,Neutral,Normal,0.30779263123573525,2,1
2002,0.5141666666666667,1148.8305555555555,El_Nino,Deficit,0.6240626018910989,0,-1
2003,0.235,1354.4638888888887,Neutral,Normal,0.5148353439843495,2,1
2004,0.3925,1298.6999999999998,Neutral,Normal,0.5764590805347245,2,1
2005,0.029166666666666684,1456.4305555555557,Neutral,Normal,0.4343006194978807,2,1
2006,0.04,1406.8388888888887,Neutral,Normal,0.4385392892076948,2,1
2007,-0.6133333333333333,1514.0666666666666,La_Nina,Normal,0.18291490055428758,2,1
2008,-0.8083333333333335,1367.3944444444444,La_Nina,Normal,0.10661884577763281,2,1
2009,0.2591666666666667,1192.76,Neutral,Deficit,0.5242908379523965,0,1
2010,-0.4266666666666667,1468.1944444444443,Neutral,Normal,0.25595044016954677,2,1
2011,-0.7691666666666667,1392.9555555555555,La_Nina,Normal,0.12194326703619174,2,1
2012,-0.06583333333333333,1243.557142857143,Neutral,Deficit,0.397130746657972,0,1
2013,-0.25916666666666666,1475.1722222222222,Neutral,Normal,0.32148679491359633,2,1
2014,0.22833333333333336,1244.336111111111,Neutral,Deficit,0.5122269318552332,0,1
2015,1.4749999999999999,1280.5833333333333,El_Nino,Normal,1.0,2,-1
