State,Sensitivity,Base_Pred,Risk_Level,State_LPA
EAST UTTAR PRADESH,-0.366,Deficit,High Risk,941.3
PUNJAB,-0.334,Deficit,High Risk,609.2
UTTARAKHAND,-0.327,Normal,High Risk,1453.4
ANDAMAN & NICOBAR ISLANDS,-0.313,Excess,High Risk,2899.3
SUB HIMALAYAN WEST BENGAL & SIKKIM,-0.309,Excess,High Risk,2761.4
BIHAR,-0.27,Deficit,Moderate Risk,1158.0
GANGETIC WEST BENGAL,-0.269,Normal,Moderate Risk,1516.8
KONKAN & GOA,-0.263,Excess,Moderate Risk,3071.6
EAST RAJASTHAN,-0.258,Deficit,Moderate Risk,647.2
LAKSHADWEEP,-0.232,Excess,Moderate Risk,1571.9
WEST UTTAR PRADESH,-0.227,Deficit,Moderate Risk,819.9
WEST MADHYA PRADESH,-0.208,Deficit,Moderate Risk,947.9
JHARKHAND,-0.198,Deficit,Moderate Risk,1257.1
HARYANA DELHI & CHANDIGARH,-0.196,Deficit,Moderate Risk,541.6
SAURASHTRA & KUTCH,-0.185,Deficit,Moderate Risk,522.5
MADHYA MAHARASHTRA,-0.181,Deficit,Moderate Risk,908.6
MATATHWADA,-0.171,Deficit,Moderate Risk,791.9
TELANGANA,-0.156,Deficit,Moderate Risk,986.4
WEST RAJASTHAN,-0.153,Deficit,Moderate Risk,297.2
EAST MADHYA PRADESH,-0.152,Deficit,Moderate Risk,1149.0
VIDARBHA,-0.151,Deficit,Moderate Risk,1073.1
COASTAL KARNATAKA,-0.142,Excess,Moderate Risk,3527.3
GUJARAT REGION,-0.139,Deficit,Moderate Risk,924.9
KERALA,-0.131,Excess,Moderate Risk,2844.3
ASSAM & MEGHALAYA,-0.122,Excess,Moderate Risk,2510.9
NORTH INTERIOR KARNATAKA,-0.12,Deficit,Moderate Risk,738.3
ORISSA,-0.119,Normal,Moderate Risk,1427.6
NAGA MANI MIZO TRIPURA,-0.114,Excess,Moderate Risk,2311.7
CHHATTISGARH,-0.108,Normal,Moderate Risk,1311.2
COASTAL ANDHRA PRADESH,-0.07,Deficit,Low Risk,1069.7
SOUTH INTERIOR KARNATAKA,-0.058,Deficit,Low Risk,1074.5
RAYALSEEMA,-0.042,Deficit,Low Risk,774.8
HIMACHAL PRADESH,-0.033,Deficit,Low Risk,1256.6
TAMIL NADU,0.025,Deficit,Low Risk,927.6
ARUNACHAL PRADESH,0.096,Excess,Low Risk,2844.1
JAMMU & KASHMIR,0.21,Deficit,Low Risk,1187.9
